RENOLEV;benjamin@renolev.fr;0695679231
SOCIETE NATIONALE D'ISOLATION THERMIQUE;dossier.snit@gmail.com;0183619886
BM ACTION;secretariat.bmaction@gmail.com;0651131170
LES COMPAGNONS DE LA RENOVATION ENERGETIQUE;cr-energetique@outlook.com;0177478350
CLIM DENFERT BOURQUIN;stephanie@climdenfert.com;0174730307
I.M SERVICES;i.m.servicesclient@gmail.com;0662135749
ECODURABLE;ecodurable8@gmail.com;0779741853
LA MAISON DU SOLAIRE - ETHANOAM;ethanoam25@gmail.com;0629909258
ENTREPRISE LAGUIGNE;alain.laguigne@orange.fr;0143217671
GENIUS ENERGIE ENVIRONNEMENT;accueil.gee@gmail.com;0675997133
ECO PATRIMOINE;contact@eco-patrimoine.fr;0699787844
B2A ENERGIE;contact@b2a-energie.fr;0767259563
BATIPAC;contact@solenis-enr.fr;0614831972
ENERGY EXCELLENCE;energy.excellence75@gmail.com;0177378507
SARL FRANCE POLE ISOLATION;ansservice76@gmail.com;0659630626
INNOVA;contact@innova-france.fr;0659914674
ARTISANS MULTISERVICES DES YVELINES;etsfontaine@hotmail.fr;0698312550
FRISUNTEC;frisuntec67@gmail.com;0641894266
2L PERE ET FILS;compta.generationecolo@gmail.com;0624905185
AG développement;alex@ag-developpement.fr;0140979514
IMS ENERGIES;qerrouani.i@gmail.com;0668643329
ICBTP;icbtp75016@gmail.com;0601259503
MCY ECO ENERGIE;galularuben@hotmail.fr;0652166709
ENERGY +;energyplusparis@gmail.com;0641560363
BIO ECOLOGIES ENERGIES;bioecoloenergies@gmail.com;0182832483
BOREAL ENVIRONNEMENT;alexis-005@outlook.fr;0970733946
GEL PAC PV;contact@gelpac.fr;0972584527
AD ENERGIE;bureaux.adenergie@gmail.com;0972120506
LATO;contact@lato-france.fr;0789449330
ACTION FRANCE ENVIRONNEMENT;contact@action-france-environnement.com;0659334337
CPE CONFORT;cpe.confort@gmail.com;0623608979
BJ Energies;bjenergies@gmail.com;0762221404
SASU CIPAC CLIM;cipac.clim@gmail.com;0625534429
E3P AMENAGEMENT;julien@e3p-amenagement.fr;0645598500
FLUX Energie;contact@flux-energie.fr;0783943976
ECOLOGY'B;contact@ecologyb.fr;0255990693
NALECO;naleco69@gmail.com;0756944515
DSM;dsmenvironnement@gmail.com;0622305884
ECO.ENRGIE;nasser.mmoustapha.91@gmail.com;0769371287
BEL AIR CONFORT;baconfort.contact@gmail.com;0175365597
RENOVIA;contact@renovia.fr;0142004040
ECOWAVE;ecowave.contact@gmail.com;0777424809
UMOD;jeremy@groupe-umod.fr;0699501121
NOUVELLERE;gestion@nouvellere.fr;0630324206
LMDER;lmdersarl@gmail.com;0699916323
ENR'J;etudes@enr-j.com;0184602021
PRIMELEC SERVICE;contact@primelecservice.com;0661446471
KAP CONSULTING;awad.achraf@gmail.com;0762942959
ALEF ENERGIE;admin@isonova.fr;0977299928
ETABLISSEMENT LUCIEN;admin@objectifmaisonresponsable.fr;0972103636
APC SERVICES;apcservicessecretariat@gmail.com;0659555167
FGAIRCONDITIONINGKRUPP;fgairconditionningkrupp@gmail.com;0650146422
PLANETE CVC;bendjellal.cvc@gmail.com;0625236881
ADK CONSEIL;klineadrien@gmail.com;0783948926
GROUPE HABITAT ENERGIE CONSEIL;contact@hecfrance.fr;0180895160
NOVARENOVATION;simon@spariente.com;0629313844
PRIME SOLUTION;financement@primesolution.fr;0652342051
MONDIAL ÉNERGIE ET HABITAT;mondial.energies.habitat@gmail.com;0652573579
STARTEO;gary@mgenergy.fr;0756974355
LES ARTISANS PROS;contact@lesartisanspros.fr;0972519000
FRANCE INSTAL;franceinstal.contact@gmail.com;0637773002
RENO PLUS;contact@reno-plus.fr;0651214429
IS ECO;direction.isecofrance@gmail.com;0668191410
CIBLE ECOLOGIE;contact@cible-ecologie.fr;0180272680
FRANCE GLOBALE RENOVATION;direction@france-globale-renovation.fr;0756900996
DROBAK AND CO;contact@drobak.fr;0605962258
MASTER POSE;contact@master-pose.fr;0617543576
BATIR SOLUTION;batir.solution75@gmail.com;0685358235
HM SERVICES;hm.services.gestions@gmail.com;0631996438
EFFICA SERVICE;marta.goncalves@effica-service.fr;0143029876
ARCE;a.r.c.e@wanadoo.fr;0146590197
BS Fluides;contact@bsfluides.com;0767455320
GUEST'UP;guestup.cee@gmail.com;0659160705
CONSTRUCTIONS ECOLOGIQUES ET ENERGETIQUES;ygal.arouch@gmail.com;0698466938
ENV-CENTRIC;envcentric@gmail.com;0767257899
ECO SUN FRANCE;contact@ecosunfrance.com;0188545435
MCP HABITAT;etude@mcpenergy.fr;0184602600
ALCOM SERVICE;francenegoce@yahoo.fr;0695981190
HABITAT ECO DEVELOPPEMENT;benjamin@habitatecodeveloppement.com;0623081378
MAISON VERTE SERVICES;mvservices64@gmail.com;0763506939
ELEF CONSEIL ENERGIE;contact@elefconseilenergie.fr;0669979009
CCRV CLIMAT CHAUFFAGE REFRIGERATION VENTILAT;secretaire@climadane.fr;0148071919
AEAUBAT;aeaubat@gmail.com;0145338012
SRE;contact@sre-habitat.fr;0142018440
SIMA INNOV;simainnov@gmail.com;0651459209
RENOVEX FRANCE;direction@renovexfrance.com;0609640714
ETS DITCHI;etsditchi@gmail.com;0669683003
KLIMEO;mcarvalho@klimeo.fr;0142853373
SARL AUGUSTO;augustotravaux@gmail.com;0749075448
EAU P;contact@eau-p.com;0649476545
GLOBAL GREEN SERVICE;globalgreenservice@gmail.com;0651695004
A S E.C.C;jinaxel@hotmail.fr;0644751121
AMENAGEMENT INTERIEUR EXTERIEUR;aie.chauffagepac@gmail.com;0624278475
GREENSY;greensy.energie@gmail.com;0628486504
JYL CONCEPT;contact@jylconcept.fr;0188750512
IMOA CONSTRUCTION;amine@imoa.pro;0179952411
BUILDING CLIM;buildingclim@gmail.com;0650817886
SOLEA;solea.orgg@gmail.com;0758640201
NEXUM SERVICES;servicesnexum@gmail.com;0763608874
ECOTECH INSTALLATION;adams75020@hotmail.com;0763423690
BERNARD PERE ET FILS;contact@la-cee.com;0783803209
ECOGROUP;raphael.sitbon@ecovair.fr;0617221868
BAS ELEC;baselec75016@gmail.com;0629056718
SYNERGY COMPANY;synergy.company.france@gmail.com;0631115561
ATELIER DU BATIMENT;hazanallan@gmail.com;0646460203
SM BATIMENT;salim-953@outlook.fr;0651269383
GAZ CONFORT PLUS;gazconfortplus@gmail.com;0145051797
HM CONSEIL DIGITAL;hmconseildigital26@gmail.com;0767242351
T G S P;yoan.tgsp@yahoo.com;0695155552
GLOBAL HOME ENERGY;ghomeenergy@gmail.com;0970684344
RENOSTART;grouperenostart@gmail.com;0783706839
VERT'AIR;planetedubatiment@gmail.com;0674069279
WM CHAUFFAGE;wmchauffage60@gmail.com;0632122400
SAS MCP ENERGY;contact@mcpenergy.fr;0183810664
CONFOTHERM;contact.confotherm@gmail.com;0988999576
FROID 24;mike.sultan@froid24.fr;0140711938
ENT. DAVRON;ent.davron@gmail.com;0667718246
AVANCE ENERGIE;jdenvironnement30@gmail.com;0616524245
SAS GLOBEN GROUP;groupgloben@gmail.com;0805482482
OHM ENERGIES;contact@ohmenergies.fr;0140517539
ORMEN LLC - CERT'ECO PRO;direction@certecopro.com;0970701221
GROUPE ALLIANCE ENERGIE;contact@groupeallianceenergie.fr;0972516923
KARRE GREEN AIR;office@karre.fr;0766677394
GAE;groupearcheenergie@gmail.com;0610057144
ENERGYZ;alexandre.tahar@ecovair.fr;0185431392
ECO-CAL;administration@eco-call.fr;0948160487
INGE'TECH;secretariat.ingetech@gmail.com;0625854796
GROUPE RENOVERTE;contact@renoverte.fr;0608254994
SASU CLIMATHERM SOLUTION;isma.benam@gmail.com;0755640583
CLIMATIK ECO ENERGY;climatik.ee@gmail.com;0616249415
DIXIT;julien.pinho@dixit-idf.fr;0160795090
R GREEN;contact@r-green.fr;0611876060
BETHEL ENERGIE;bethel2652@gmail.com;0970515223
POINT BAT;saspointbat@gmail.com;0183810260
GROUPE ECO PARTNERS;groupeecopartners@gmail.com;0627304919
FRANCE ENERGIES;contact@france-energies.fr;0621000064
ART ECO ENERGIE;contact@artecoenergie.fr;0364236716
GROUPE FRANCAIS DE L HABITAT;gfh.renovation@gmail.com;0651214429
PAC ECO HABITAT;regiepac12@gmail.com;0695165519
RENOVENER;hfabry@renovener.fr;0176215712
H'OMS DISTRIBUTION;homs.distribution@gmail.com;0776724139
CDN;leschauffagistesdunord@yahoo.com;0669431204
ENERGIE 26 HM;energie26hm@gmail.com;0619294669
Easychauff;contact@easychauff.com;0767414088
PRO ENERGY SYSTEME;georges.peter@free.fr;0660864620
C.J.2.M.;contact@cj2m-climatisation.com;0611516005
ETABLISSEMENT PHILIPPE TROISGROS;troisgros.michel@orange.fr;0139315151
ENERCLIMA;c.joiret@enerclima.net;0778570484
FUTUR ECO HABITAT;contact@futur-habitat.com;0175439125
LA LOUISIANE;m.graca@la-louisiane.fr;0146071207
ENR-G;proforagegeothermie@gmail.com;0171246818
ISOLA-CONFORT;contact@isola-confort.fr;0668161838
SF2E;directions.sf2e@gmail.com;0649179572
ETUDES ET REALISATIONS DE TRAVAUX D'ISOLATION;direction@ert-isolation.fr;0149195640
SFPCE;contact.sfpce@yahoo.fr;0177011953
RENOVATION ECOLOGIQUE DE FRANCE;jonas@renovationecologiquedefrance.fr;0621304788
Energie Verte;contact@energieverte-btp.fr;0760606006
GROUPE ENDF;gendf75@gmail.com;0175578712
LES ARTISANS VERTS;artisansverts@gmail.com;0650104690
EXPERT ENERGIE;accueil.expert.energie@gmail.com;0781284479
FULGONI;monti@fulgoni.fr;0141054720
YODAV;david.smirou@gmail.com;0627418871
LES BONS ARTISANS;benjamin@lesbonsartisans.fr;0972546767
SERVICE PLUS;servicespluscontact@gmail.com;0661832113
VITALIA;contact.vitalia26@gmail.com;0672065985
IGIT;igit.france@gmail.com;0186983495
GROUPE TRANSITION ENERGIE;direction@groupetransitionenergie.fr;0618410269
DIRECTCLIM DRC;drc@directclim.fr;0149421221
CM INGENIERIE;cmingenierie1@gmail.com;0188275483
BATI DEPOT;ylan.plaza@outlook.fr;0781818156
ECO FREE ENERGY;contact@ecofreeenergy.fr;0149889735
AGENCE FRANCE PRO ENERGIES;contact@a-fpe.fr;0148911931
ALFORT-CHAUFFAGE-PLOMBERIE-COUVERTURE;acpc@acpcsas.fr;0146455518
GROUPE MAISON AUTONOME;contact@groupemaisonautonome.fr;0178819811
POINT CLIM;info@pointclim.fr;0811090327
POWER INNOVATION;power.innovation.idf@gmail.com;0651169484
NOVECOLOGY;nicolas@novecology.fr;0187665730
VAUDEY HABITAT;vaudeyisolation@gmail.com;0184256955
PES ISOLATION;hikem@pes-france.com;0728282828
C&J BAT;contact@cetjbat.fr;0760477111
ADMEA ENERGY;stephane@admea-energy.fr;0187211341
MADRIGAL ENERGIES;direction.madrigalenergies@gmail.com;0763670770
BELER;serge.sissoko@icloud.com;0147571039
IZO-ECO;zouari.olivier@gmail.com;0767702327
ISO GROUP;contact@isogroup.fr;0176403000
THERMOBAT;sj@euro-isolation.com;0177376985
PCP GROUP;pcpgroup770@gmail.com;0762446817
INNOVOA;contact@innovoa.fr;0760401792
GROUPE INNOVATION ENERGIE;yoni@gienergie.fr;0180977700
PROXISERVE;jbarbe@proxiserve.fr;0811010216
ENERGIE EXPERT;jason.malheude@gmail.com;0767973848
VITALENERGIE;factures@vital-energie.fr;0626187009
LN INGENIERIE;contact@ln-ingenierie.fr;0666202626
ECO LABEL HABITAT;contact@ecolabel-habitat.fr;0149341497
PLANETE SERVICE;contact@planeteservice.net;0177372163
H2R ENERGIES;contact@h2r-energies.fr;0825679067
VBAT;vbatvbat94@gmail.com;0755891702
BACOTREL;info.clim@bacotrel.fr;0145211111
LES ETABLISSEMENTS HUET;contact@lesetablissementshuet.com;0180916789
SIMPLE ENERGIE SOLUTION;e.moss.bt@gmail.com;0651791086
AC CONFORT;contact.secretariat@ac-confort.com;0148973769
VARROT & CO;sidney.hue@eugeneetgustave.com;0146626321
QIVY HABITAT;audrey.thiodat@qivy.fr;0147916656
SOL AIR HABITAT;contact@solairhabitat.fr;0685744621
PACK ECOLOGIE;contact@packecologie.fr;0658044638
EH IMPACT;contact@eh-impact.fr;0650990555
GREENOLIA;administratif@greenolia.fr;0974199891
DUM RENOVATION;renov-tce@hotmail.com;0975985994
GLE POSE;glepose3@gmail.com;0651925359
ISOLIDAIRE;isolidaire770@gmail.com;0749261499
ECOLOGIA;ecologia.contact@gmail.com;0184256982
F.R.H;direction@francerenovhabitat.com;0985605051
ECOPTI;direction@ecopti.fr;0651418015
HELIOVIE;compta@leh-france.com;0781945072
ETABLISSEMENT MICHALAIN;etsmichalain@gmail.com;0186982852
BSH ENVIRONNEMENT;contact@bshenvironnement.fr;0625843806
COP ECOLOGIE;copecologie@gmail.com;0148573097
ECO THERM;ecotherm26@gmail.com;0970714625
TECHNI SERVICE GAZ;secretariat@techniservicegaz.com;0140863052
FI2C MD;fi2c.md@yahoo.com;0761270905
ECO RENOV HABITAT;ecorenovhabitat92@gmail.com;0762145636
RBM COUVERTURE;rbmcouverture@gmail.com;0186864998
ISOBAT QUALITY;saber.isobatquality@gmail.com;0170076568
I-D PAC;idpac26@gmail.com;0613253710
NOS REGIONS RENOV;nosregionsrenov@gmail.com;0647394050
SAS MH ENERGIE;levana@mlhenvironnement.net;0805130163
ALLIANCE FRANCAISE DE L'ENERGIE;alliancefrancaiseenergie@gmail.com;0811722626
PACK SERENITE;smj26jami@gmail.com;0787142968
HM ENVIRONNEMENT;hm.dsdif@gmail.com;0614362721
EM-ISO FRANCE;contact@em-isofrance.fr;0980400666
RT SOLUTION;contact.rtsolution@gmail.com;0621529927
DIRECT HABITAT;eyal-h@live.fr;0666561502
ECOBATPRO;contact.ecobatpro@gmail.com;0972111332
GREEN TECK;contact.greenteck@gmail.com;0614833811
DITECO;comptabilite@diteco.fr;0805386426
FRANCE ENR - LME;contact@lamaisonecolo.fr;0974777855
GROUPE APB;anthony@groupe-apb.fr;0629441545
LES ARTISANS DU BATIMENT;lesartisansdubatiment26@gmail.com;0787947607
ECO PLANET;contact@ecoplanetgroupe.fr;0613558314
F.E.R;etudes.fer@gmail.com;0761955050
SARL FRANCE ISOL;contact@franceisol.info;0142078147
SOPAC ENERGIE GENIE CLIMATIQUE;samuel.duponchelle@groupe-prestaprim.fr;0147992182
SMPAC;admin@smpac.fr;0180919755
COMPTOIR DES ECONOMIES D'ENERGIES;direction@groupeceyrat.com;0769744858
GROUPE RENOV GLOBAL ENERGIE;direction@groupe-rge.fr;0695129715
LA MAISON DU FROID;contact@lamaisondufroid.fr;0614596813
ENERGIE DE L'HABITAT;contact@energiedelhabitat.fr;0184605077
PSB;contact@psb-btp.fr;0170249325
AMP;amp.maintenance93@gmail.com;0651185675
RH ENVIRONNEMENT;contact@rhenvironnement.com;0665903681
ANJI;an.ji.zl.fr@hotmail.com;0695586782
ECO STAR;compta@eco-star.fr;0615707596
FRANCE ECO SOLUTION;france.esolution@gmail.com;0970706718
NEMOBAT;nemobat@yahoo.com;0988045890
LES TROIS ARCS;raphael@3arcs.fr;0686260371
YOHANN CHICHE;crecy.j@gmail.com;0670065224
GROUPE IFH;patrick.fitoussi@groupe-ifh.fr;0977773333
MNG CONSEIL;dan_soussan@hotmail.fr;0761381139
RDBB SERVICE;contact@rdbbservices.fr;0652021093
INSPIRA ENERGIE HOME SERVICE;contact@inspiraenergie.fr;0978473693
ENER GREEN TECH;contact.energreentech@gmail.com;0625854632
AGENCE DES ENERGIES;ddarmon@agence-des-energies.fr;0630501809
ECO RENOVATION PLUS;comptabilite@ecorenovationplus.com;0666999830
RENOVATION TERTIAIRE SERVICE;renovationtertiaireservice@gmail.com;0698611372
SAS RENOUF & Fils;renouf_stephane@yahoo.fr;0148517187
UNIVERS CONFORT;sasu.universconfort@gmail.com;0753311589
ARTISAN SOLIDAIRE DE FRANCE;direction@artisansolidaire.fr;0805030330
DGENR;contact@dgenr.fr;0189210008
FD ENR;contact.fdenr@gmail.com;0951511874
DIAGNOSTIC ET SOLUTION ENERGETIQUE;contact1.dse@gmail.com;0648125739
ASM CONSTRUCTION;contact@asm-enr.fr;0752728726
NRGIE CONSEIL;rnataf@nrconseil.fr;0486270030
ISO BAT;isobatisobat5@gmail.com;0752728726
PARNASSAA MAAS AIR ENERGIE;parnassaa@gmail.com;0184232610
LEADS SERVICES;administratif@ecofutur.net;0652086805
LES ARTISANS DU FUTUR;benjamin@adfenergie.fr;0185781719
MAST'AIR ENVIRONNEMENT;mastairenvironnement@gmail.com;0659852473
ASSISTANCE IDEAL TRAVAUX;a.ideal.travaux@gmail.com;0642522727
NEW OPUS;newopus1@gmail.com;0605818034
ENERGIA GROUP;contact@energia-group.fr;0970707350
SASU ISSY PROS;foued.issypro93@gmail.com;0669373290
ECO INITIATIVE;direction@eco-initiative.fr;0148320024
PMPC;patrick.monicat@orange.fr;0661537035
MGR BH26;firstenergie.adm@gmail.com;0617325570
ENERGIE +;energieplusfrance@gmail.com;0761111767
ENERF;contact@enerf.fr;0619046768
ENERGIE ECO PRIME;idfassistance@hotmail.fr;0659772504
VISIONARY ENERGIE;contactvisionaryenergie@gmail.com;0624489240
AIR FROID CLIMATISATION;societesafc@gmail.com;0661045394
RENOGREEN;contact@renogreen.fr;0622912211
RENOV ENERGETIQUE;contact@renovenr.com;0156300993
ENERGY RENOV GREEN;derkaoui.tarik@gmail.com;0772507369
BTP RENOV CLASS;btprenovclass@gmail.com;0618670913
L.J. ENVIRONNEMENT;laurent.joulia@neotalo.fr;0633285772
RONALD 26;ronald26.cannes@gmail.com;0422131326
ISOCOP;support@isocop.fr;0970731207
CLIM D'T;doua.tra@hotmail.com;0769222878
SOLECTRAM;solectram@wanadoo.fr;0145290505
ENERGIES YACKO;yoyobenh@me.com;0684450074
COMBLE ECO;gestion@ecopac-habitat.fr;0970113071
HECTOR RENOVATION;n.scherschen@hector-renovation.fr;0675692099
THERMABAT;contact@thermabat.fr;0142040181
INNOVATION ECO;innovationeco2@gmail.com;0652256658
TRADINOV;tradinov26@gmail.com;0668431525
GROUPE VENT VERT;contact@groupeventvert.fr;0659007322
ENTREPRISE GERARD JEAN;sas.jean@sfr.fr;0145065047
ENOLA;lfdb.bedeir@gmail.com;0635288770
URGENCE RENOV;urgence.renov@gmail.com;0695186018
CLEMENT FRERES et Cie;clementfreres558@orange.fr;0142429572
AGENCE RENOV DESIGN;etude@agencerenovdesign.com;0148310487
ETGE;etge.travaux@gmail.com;0614972447
ECONOLIA;contact@econolia.fr;0644669919
JM ENVIRONNEMENT;jmenvironnement94@gmail.com;0177372130
ASG CHAUFFAGE;contact@asgchauffage.fr;0699196060
HELMO RENOVATION;contact@helmo-renovation.fr;0695773739
G.R.T.E;contact@grte.fr;0148935742
UNION TECHNIQUE DU BATIMENT;marketing@utb.fr;0149917777
GENERALE MULTI ENERGIES;generalemultienergies@gmail.com;0951002145
Climtime;climtime.fr@gmail.com;0751353264
T.H 3NERGIE;th3nergie.iso@gmail.com;0618683336
EUROPE EXPERTISE VERTE;contact@europe-expertise.fr;0603232348
GRENELLE DISTRIBUTION;contact@grenelledistribution.fr;0186905450
TNH ENERGIE;contact.tnhenergie@gmail.com;0633623535
MRA Travaux;contact@ecair.eco;0189714386
ECO THERME COSMOS;ecothermec@gmail.com;0783155663
BIOSPHERE;biosphere.compta@gmail.com;0149429260
AZUR CLIM;fares@azur-clim.fr;0189291329
STID BTP;contact.stidenergie@gmail.com;0765182085
GROUPE EXPERT ECOLOGIE;contact@expert-ecologie.com;0978816098
GREEN ENERGY PRO;greenenergypro92@gmail.com;0769821200
Meilleurs Audits De France;meilleursauditsdefrance@gmail.com;0180881595
LJI BATIMENT;lji.batiment@orange.fr;0147862606
VAUGERE BAT;contact@vaugerebat.fr;0652166695
CUVELEC;fthomassin@cuvelec.fr;0149462424
RENOV BAT;renovbat.direction@gmail.com;0658633133
AVENIRENERGIE;ssimonet@avenir-energie-france.fr;0763371401
A.B.M ENVIRONNEMENT;abmenvi1@gmail.com;0761147230
CLIMAT BLEU;admi@climatbleu.com;0146642141
MICROCLIMAT IDF;microclimat.idf@wanadoo.fr;0143500206
ECO-AQUATHERM;hamdi.plomberie01@gmail.com;0752996080
SANO CLIMAT;j.saada@sanoclimat.fr;0153664332
M&N ENERGY;sasu.mnenergy@gmail.com;0695971200
IZI CONFORT Alfortville;cjoveneau@iziconfort.fr;0145183540
SARL NAD-EAU;info@nad-eau.fr;0146264177
RENOVANS;renovans92@gmail.com;0146423312
EURL CAPIN PHILIPPE;capin.philippe@orange.fr;0562093205
ISOFRANCE;contact@iso-france.org;0768835773
TTR CONSTRUCTIONS;contact@ttrconstructions.com;0148116765
CLEAN ENERGIES;cleanenergies26@gmail.com;0769928565
ESD;contact@esd-energie.fr;0983254009
TECHNOTRONIX;optimisationenergie@gmail.com;0659955007
2C ENERGIES;2c.rge.group@gmail.com;0146456369
ACV;contact@sasuacv.fr;0695854731
GREEN SOLUTIONS;greensolutions.sasu@gmail.com;0652588641
CELSIO;contact@celsio.fr;0141194000
LABEL PLOMB';contact@label-plomb.fr;0145732190
AIR FLUIDES ENERGIE;contact@airfluidesenergie.fr;0616188770
SANTALLIER;santallier94@gmail.com;0143762944
CP SERVICES;c.pinto@cp-services.net;0140919852
ARTDEA;olesea_rosu@yahoo.com;0632664874
EXP'AIR;pierrecoletta@free.fr;0147991074
ATELIER CONTROL +;secretaire@ateliercontrol.com;0141793035
NORDTHERM;info@nordtherm.com;0143111859
RENOVATION SECURITE;rsi.isolation@gmail.com;0148453819
Groupe Economie de France;groupe.economie.de.france@gmail.com;0179634858
ENERBLUE;noussai@hotmail.fr;0610834908
EUROPISOL;europisol@outlook.fr;0188838225
GROUPE RENOVATION ENERGIE;contact@groupere.fr;0629974076
CONCEPT CREATION;jimmybenmussa@gmail.com;0972652867
DIAZ;diazbatiment@gmail.com;0180915299
SARL G.MPCA;gmpca17@gmail.com;0665985556
AR BATIMENT;contact@arbatiment.fr;0149778080
JMS CLIM;jms_clim@yahoo.com;0666646663
GROUPE JDI;turjman.yoni1998@gmail.com;0781228416
GREEN SUN;greensunsecretariat@gmail.com;0625857465
SED ENERGY;v.sedenergy@gmail.com;0658148593
GROUPE TRANSITION ENERGETIQUE;contact@gte-france.fr;0805131415
HOME EXPERT HABITAT;tflak@homexperthabitat.fr;0145184160
REABIL;reabil@yahoo.com;0180919095
RENOV 75;zamaneagra19@gmail.com;0609341975
SAS SETA;seta-sarl@orange.fr;0146724872
EOBAT;contact@eobat.net;0147183790
ARTISANS DE FRANCE;contact@artisansdefrance.pro;0140916574
OROS;sasoros@yahoo.fr;0602510690
DBME INDUSTRIE;dbmeclim@gmail.com;0662591918
THERM AZUR;direction@therm-azur.com;0148501137
HYDROTHERM;hydrotherm92@gmail.com;0180876220
BASIRE DAHAN;basire.dahan@gmail.com;0650370606
NEED ARTISANS;contact@needartisans.fr;0649996634
GROUPE RENOVATION ENERGIE;gregory@groupe-renovation-energie.fr;0978289691
ROMY ENERGIE;direction.romyenergie@gmail.com;0606715636
NS SERVICES;marvin.nakache@gmail.com;0778025837
SVP DEPANNAGE;svpdepannage@gmail.com;0143940708
EXPERT ENERGIE SERVICE;soares@expert-gaz-eau.fr;0153661019
FRANCE POSE ENERGIE;franceposeenergie@gmail.com;0778682211
ECO FRANCE PARTNERS;ecofrancepartner@gmail.com;0767028729
YRN;laurent.aim1@gmail.com;0623193079
GROUPE ESL ECONOMIE SOLUTION LIBRE;contact@esl-groupe.fr;0178817919
GROUPE ELS;groupe.els.isolation@gmail.com;0971080027
AU RAPIDE DEPANNAGE;contact@r-verrier.fr;0143782522
RENOV FRANCE;contact@renovfrance.fr;0147183790
ENERGIE MULTI SERVICES;contact@energiemultiservices.fr;0644970585
CLIM R CHAUD CONFORT;rcbenich@gmail.com;0141538380
ENERGY ASSIST;energyassist@hotmail.fr;0699202026
QualiBP;isobay.energies@gmail.com;0785915141
ETABLISSEMENTS A. TRIOULIER;thierrytrioulier@free.fr;0143752022
LA NATIONALE DU LOGEMENT;contact@lndl.fr;0145282877
PLANET ENERGY;planetenergy26@gmail.com;0140362525
CLIMATECH+;climatech92@gmail.com;0625252855
PAC ENERGIE PLUS;contact.pacenergieplus@gmail.com;0610223636
AGENCE TOUT FROID;agencetoutfroid@gmail.com;0663348687
A2 RENOV';a2renov@outlook.fr;0781688170
BATICOWIN ECO;contact@baticowineco.fr;0184804743
ECOCLIM'AIR;ecoclimair@gmail.com;0659584826
VERNOVA FRANCE;vernovafrance@gmail.com;0635128492
ARTINERGIE;artinergie@gmail.com;0757813894
STELLAR ENVIRONNEMENT;contact@stellarenvironnement.fr;0185763509
ETS NEGRE;antoine.negre@ets-negre.com;0145280058
AGENCEMENT GENERAL DU BATIMENT;contact@agb-gle.com;0139985900
SOCIETE NOUVELLE SIROP-MATHEY;sirop-mathey@wanadoo.fr;0147086133
KRID ENERGY;willyloyot95@gmail.com;0176381355
S2EE;administratif.cee@s2ee.fr;0635091438
AS ENERGIES;samuel.adjedj@yahoo.fr;0651910921
ECO PAC ENERGY;ecopacenergy@gmail.com;0769101720
ECO ASSISTANCE CONSEIL;depot.ecoassistanceconseil@gmail.com;0788731638
JCB PLOMBERIE;contact@jcb-plomberie.com;0147505595
SOV ENERGIES;benoitdaurensan@gmail.com;0140968521
Aura Cool;contact@auracool.fr;0606797696
AQUATHERMPLUS;aquathermplus@yahoo.fr;0184172003
COOPERATIVE HABITAT;ch.iledefrance@gmail.com;0627774987
LESROISDELARENO;lesroisdelareno@yahoo.com;0768974298
CONCEPT PRO ENERGY;conceptproenergy@outlook.fr;0663342323
MARLIER CHAUFFAGE CLIM;contact@marlierchauffageclim.com;0148653529
EUROTHERMY;contact.egibat@gmail.com;0625199205
BILI PLOMBERIE;benoiplomberie@gmail.com;0698130577
MESNIL CLIM;mesnilclim@orange.fr;0688827095
PLOMBERIE AND CO;gestion-formations6@apem-energie.com;0652439010
COGECLIMA;contact@cogeclima-idf.fr;0187634014
ENGIE HOME SERVICES;veronique.silly@engie.com;0146154310
TD BAT;contact@tdbat.fr;0139808383
ECO SOLVO;ecosolvoo@gmail.com;0650379544
BRE 92;bre92000@yahoo.com;0699061109
SAS SYSTEM FROID;blorion@system-froid.com;0139612020
ENERGIZ'AIR;energizair95@gmail.com;0625215799
IA RENOVE HABITAT;contact.iarenovehabitat@gmail.com;0745917676
CHCC;benmoussa_mehdi@hotmail.fr;0134117878
KLIMACOOL;klimacool.garreau@gmail.com;0777268184
DSC THERMIQUE;dscthermique@gmail.com;0760260973
FRENCH ECO EARTH;frenchecoearth@gmail.com;0681993270
ENTREPRISE BARBOSA;m.barbosa@barpa.net;0982407401
LG - SIEMAC;lgsiemac@fareneit.fr;0161043626
ETS HUARD;sbricaud@huard.fr;0173236100
THERMA-SERVICE;therma_service@yahoo.com;0609695340
M ENERGIES SERVICE;qualifications@m-energies.fr;0141952222
A.B.O ENERGY;abo.ksbah@gmail.com;0659076309
SOCIETE THOREL;sarlthorel@orange.fr;0139146349
SERY;jeancharles.ateliersery@sfr.fr;0147095430
S.C.2.E;sc2e@sc2e.fr;0141159494
BAT ENERGIE;contact@bat-energie.fr;0148909090
ECO ENERGY SYSTEM;ecoenergysistem@gmail.com;0967602570
PEGAZ;contact@pegaz.fr;0147061450
MBF CHAUFFAGE;contact@mbfchauffage.fr;0784071095
BATECO;gestion@bateco-sarl.fr;0143242413
ETABLISSEMENT DEMAY ET FILS;demay.adc@orange.fr;0143000807
ACDP;acdpcompta@free.fr;0147505461
AC ECO;nonoc.1990@gmail.com;0667381011
CLIM'R;contact@climr.fr;0621340724
B ET C CLIMATISATION;secretariat-bcclimatisation@bcclim.fr;0134111165
BIONAT ENERGIES SARL;bionatenergies@hotmail.fr;0699415262
AIRTEC RENOVATION;airtec@outlook.fr;0601205224
SOLAR;k.hlali@solar-france.fr;0892976236
BUT BATIMENT;but.batiment@gmail.com;0145255871
VERLAINE ASSISTANCE;gaspard.enr@gmail.com;0620838394
JURIS ELEC;juris.elec@orange.fr;0143244787
CPF MAINTENANCE;guezcpfm@gmail.com;0180896087
VECTITHERM;contact@vectitherm.fr;0134152915
LOGI-K;contact@logi-k.net;0667306109
KLIMAIR;klimair@outlook.fr;0134237112
SAS ACBM;acbmperefils@gmail.com;0146680817
SERVICE TECHNIQUE MAINTENANCE CHAUFFAGE CLIMATISAT;contact@stm2c.fr;0763722296
HUGEL SARL;hugel.sarl@wanadoo.fr;0148499307
LA MAISON DE L'ENERGIE;contact@lamaisondelenergie.com;0785916686
DBMG THORILLON;dbmgthorillon78@gmail.com;0139156154
EURL ENERGIE LIFE;tchakmakdjisamir@gmail.com;0615295315
SASU GREENENERGY;greenenergy92160@gmail.com;0783457933
GROUPE ECO PRO;groupeecopro@gmail.com;0749413188
PROTEK ENERGIE;protek.energie@outlook.fr;0651945186
STEPHANE NATHALIE BATIMENT;snb@alicepro.fr;0148694724
RG ENERGIES ILE DE FRANCE;contact@rg-energies.fr;0682833288
SUN CLIMAT;contact.sunclimat@gmail.com;0951623861
RENOTHERM;pac@renotherm.fr;0603173496
OPTIMAPAC;info@optimapac.com;0953333545
DAYCLIM;facturation.dayclim@gmail.com;0649811022
SASU VB GAZ;administratif@vbgaz.fr;0146813036
MAC RENOV;silmamacalou@gmail.com;0764081352
AMS RENOVA;compta@amsrenova.com;0143782948
MRI;ram@mr-i.fr;0149804839
NOUVEL HABITAT DE FRANCE;contact@nouvelhabitatfrance.fr;0970707515
ABECO TRAVAUX;benhamouvadim@hotmail.fr;0980669255
ECOPACK;ecopacksasu@gmail.com;0601401735
CLIMATECH FROID;contact@climatechfroid.com;0139801125
AR BOREL;a.r.borel@orange.fr;0139580711
BATICOWIN;contact@baticowin.fr;0762488098
MUST AIR;contact@mustair.fr;0623580533
ORI ENERGIE;contact@orienergie.fr;0182320079
GAZ POINT COM;gazpointcom@gmail.com;0148521514
SANI-CLIMAT;w.segalas@sani-climat.fr;0146816525
Eco Habitat Construction;petru.meaun777@gmail.com;0753319964
SOLUGAZ;solugaz@yahoo.fr;0954971691
GAZABLOC S A R L;gazabloc@wanadoo.fr;0130241910
G.D.E.R;direction@gder.fr;0187535701
ENTREPRISE PARENTON ET FILS;contact@parenton.fr;0139761598
FCCM FRANCE;fccmfrance@gmail.com;0139153825
CLIMANKRI;climankri@yahoo.com;0139919653
ECO GREEN ENERGY;contact.ecogreenenergy@gmail.com;0695708028
STE A.L.P;gestion@alpchauffage.com;0146660351
GH ECO;gheco.bat@gmail.com;0634259746
MAUDUIT CHRISTOPHE;sarlmauduit95@gmail.com;0950780434
ENERGEIA PLOMBERIE CHAUFFAGE;am.energeia@gmail.com;0623610676
CLIMATDEUX;administration@climatdeux.fr;0164477579
ENTREPRISE KERMANACH;contact@entreprisekermanach.fr;0610085475
HM POSE;dossier@hmgroup.fr;0164801336
COP'SOLUTIONS;admin@copsolutions.fr;0767085147
HM INSTAL;elodie@hmgroup.fr;0164801336
FR ENERGIES;fredmenin1972@gmail.com;0613020600
BSMG - LES TECHNICIENS DES FLUIDES;severine.distinguin@ltdfluides.com;0142832978
AMP;j.meunier.contact@gmail.com;0668607113
LABEL ENERGIE;teddy.elkrief@gmail.com;0620651483
GENERATION ENVIRONNEMENT;kahloun.sacha@gmail.com;0188838239
GROUPE VALORANCE;groupe-valorance@outlook.fr;0189706986
ACP DUCERF;contact@acpducerf.fr;0983942941
GROUPE CONFORT HABITAT;contact@groupe-confort-habitat.fr;0978283954
ARC PROJET;g.arcprojet@gmail.com;0663818974
FGC SERVICES;contact@fgcservices.fr;0646497659
SIMPLY RENOVATION;lekalam@gmail.com;0661424885
ELYSIO;contact.elysio@gmail.com;0626455021
SBR;sbr.entreprise2019@gmail.com;0763410119
GROUP ENERGY SOLIDARITY;contact@group-energy-solidarity.fr;0767354414
GROUPE ENERGIE;davidbotbol.contact@gmail.com;0187444429
NATIONAL FROID;contact.nationalfroid@gmail.com;0157424974
SARL AUX COMPAGNONS PLOMBIERS CHAUFFAGISTES;acpc59@gmail.com;0148486661
ETS SOCQUET-CLERC;socquet-clerc93@orange.fr;0143011818
AIR CLIMAX;corinne@airclimax.com;0155123755
C P E CLIMATISATION;cpe-climatisation@orange.fr;0141777526
EURL GERARD GOUGELET;contact@gougeletgerard.fr;0148809018
AUX TEMPS CLIMATIQUES;auxtempsclimatiques@gmail.com;0148803222
TECHNIFLUIDE;contact@technifluide.com;0177851950
TECHNIPLAK;techniplak@sfr.fr;0147060508
SASU PHENIX ENERGIE;energiephenix@gmail.com;0751455621
RENOVATION TECHNIQUE BATIMENT;mp.rtbat@gmail.com;0786362841
ELITE ENERGIES;eliteenergies94@gmail.com;0664780885
CLIM EVOLUTION;jbongat@gmail.com;0686803466
E N'AIR;contact@rb-flamme.fr;0668558363
GLOBAL THERM;globaltherm11@gmail.com;0623354115
R'FLO CLIMATISATION;contact@rfloclimatisation.fr;0148816091
CASA;entreprisecasa94@gmail.com;0660346821
SOCIETE MAINTENANCE EXPLOIT.CLIMATIQUE;lionel.roux@smec-energies.fr;0148896644
SIMIAN PERE ET FILS;simian-pere-et-fils@wanadoo.fr;0143081011
AERIS;rekia.gaste@aeris-clim.com;0148792500
ID9 SERVICE;id9.service@gmail.com;0177350692
PICOT FRERES;picot.freres@wanadoo.fr;0134159628
BH ENERGIE;b.gunerhan@bh-energie.fr;0178766982
GROUP YES ENERGY;contact.groupyesenergy@gmail.com;0184601175
PARTEN'AIR;partenair.belhenniche@gmail.com;0668770102
GROUPE 9 ECO;contact@group9-energie.fr;0651279009
CRESTIA;sav@crestia.net;0143821284
AIRBUX ENERGIE;corinne.buxman@airbux.fr;0967367727
AIR'S PM;airspmcontact@gmail.com;0143018558
MZ BTP;mzbtpfrance@gmail.com;0668113317
SOCIETE DEMERGER;contact@demerger.fr;0143812227
MD CONSTRUCTION;constructionmd80@gmail.com;0753142083
DAVITECH;contact.davitech@gmail.com;0614953118
MY GREEN ENERGY;sasmygreenenergy@gmail.com;0782089108
ARAMIS CONSTRUCTION;aramis95@yahoo.com;0139939999
EF ENERGIE SOLUTIONS;ef.energiesolutions@gmail.com;0180924960
HOMERENOV;contact.homerenov91@gmail.com;0667230156
EDI ENERGIE;energie.edi@gmail.com;0695463003
SIATHERM SARL;compta@siatherm.fr;0139141111
MS CHAUFFAGE;mschauffage78@gmail.com;0671768953
ACEMIS;siriadou.acemis@hotmail.com;0667485068
H.D.L ENERGIES;contact@hdlenergies.fr;0185390070
BATI ECO CONFORT;batiecoconfort@gmail.com;0665341515
AIR ENERGIE CLIMATIC;contact@aecnova.fr;0749259295
RENOVA WORLD;contact.renovaworld@gmail.com;0176461573
MON PATRIMOINE;contact@c-monpatrimoine.com;0987189297
P.V.C.F.;pvcf@pvcf.fr;0134659393
SIMON 4 G;simon4g@simon4g.fr;0148666214
ECO ENERGI;info.ecoenergi@gmail.com;0751356955
PRESTICLIM;administratif@presticlim.fr;0646478598
SOCIETE AURION ET COMPAGNIE;aurion@groupe-climater.com;0148815952
VAN FROID;i.ferradj@vanfroid.com;0148810505
ONRBAT;contact@onrbat.fr;0983519498
ALVES EPC;societe.alvesepc@gmail.com;0616125685
ECO HABITAT ENERGIE;direction@ecohabitatenergie.com;0624830059
MILTON HABITAT SOLUTIONS;contact@milton-habitat-solutions.com;0177443322
AFL;afl@bbox.fr;0642426925
SENECODAN;contact@senecodan.com;0783653306
ECO SERVICES;ryann.guillonnet@rise-leads.fr;0652481801
Green Eco Solution;ariehazoute@hotmail.com;0761211525
OBJECTIF TRANSITION ECOLOGIQUE;hilan.h@otenergie.fr;0615874467
ACP THERMIQUE;contact@acpthermique.com;0139348855
C'CLIM;contact@cclim.fr;0134143020
VILLANE;contact@villane.fr;0178812112
OSTRYA;mickael.ayache@ostrya.fr;0185431392
A L R ENERGY;contact@alrenergy.fr;0375003270
LD SERVICES;ldservices.renovation@gmail.com;0767434093
CLIMAT AIR;noam.salam@gmail.com;0619446834
GROUPE MSR;direction@groupe-msr.fr;0695858944
SERENITE ET INNOVATION;direction@sereniteetinnovation.fr;0645109232
SEFAIR ENERGIES;contact@sefair-energies.fr;0972647952
ENERGIE FIVE;energie.five@gmail.com;0630449875
SANIOISE;sanioise@outlook.fr;0601829851
BMC;bmc.btp@gmail.com;0778843675
KAYA SERVICES;kaya.kayaservices@gmail.com;0179726266
A L'EAUGAZ;contact@aleaugaz.fr;0149304734
AUBRUN STEPHANE;entaubrun.stephane@sfr.fr;0145973152
T C M;tcmjog@tcm94.fr;0143892409
CARREIRA LEONEL;carreira.leonel@orange.fr;0608779219
MH G;paris.mhg@gmail.com;0188494397
VINCY THERMIE;vincent.thiery@vincythermie.fr;0130403023
ARTISAN FFRANCILIEN;artisanfrancilien.yg@gmail.com;0642925997
RAIMBERT;vincent.raimbert@gmail.com;0147504686
GAZ TECHNIC;agence91@gaztechnic.fr;0160481212
NIS ENERGY;nis.energy26@gmail.com;0786680274
MARCC;marcc@factures-meg.fr;0134061500
SAS GAZ SERVICE RAPIDE;carole.alcaraz@iserba.fr;0139592424
SAS CLIMALED;contact@climaled.fr;0149827959
RENOVEE;contact@renoveenergies.com;0180623931
CLIM PLUS;societeclimplus@gmail.com;0751800432
ECO KLIM;albualexandru03@gmail.com;0623811010
ALLPHA GROUP;allphagroup2020@gmail.com;0753006195
M.M;radisamilo@hotmail.com;0623142936
SONNY MATIAS;sonny.matias@outlook.fr;0658020522
SARL Jemai btp;jemai.chauffage@outlook.com;0614057181
GLOBAL ENERGY;global.energy78@gmail.com;0766394487
ADS PAC;adspacfrance@gmail.com;0698409513
AIGUE MARINE;info@aiguem.com;0148692256
SAS MIE SOLAIRE;miesolaire@orange.fr;0663006649
INITIAL PAC CLIMA;contactinitialpacclima@gmail.com;0780022871
ZF ARTISAN;zfartisan@gmail.com;0603235782
ECH TECHNOLOGY;fdjoudi@ech-technology.com;0615259446
DANIEL ROBERT;contact@danielrobert.fr;0160102245
SEGOULA;contact@solarecogreen.com;0986878677
NMS MULTISERVICE;energiesrenouvelables@orange.fr;0623316735
GLOBAL FROID ENERGIE;m.benouhiba@global-froid-energie.com;0175482005
CVC GLOBAL SERVICES;contact@cvcgs.com;0610848418
CONCEPT ECO ENERGIE;conceptecoenergie78@gmail.com;0761921984
ORMESSON DEPANNAGE GAZ;ormessondepannagegaz@hotmail.fr;0145906596
PROXISERVE;jbarbe@proxiserve.fr;0184920300
IPE;ipe@outlook.fr;0672013964
BQD ENERGIE;zaid@bqd-energie.fr;0777961383
SAS REGUL-AIR;aprat@regul-air.com;0646341689
ENERGIE D'AVENIR;energiedavenir1@gmail.com;0625141064
ALTERNATIVES THERMIQUES;alternatives.thermiques@gmail.com;0680189487
BVG ENERGIE;contact.bgvenergie@gmail.com;0753848260
PHOTOCLIM;serviceclient@photoclim.fr;0170867638
PCVG;pcvgcontact@gmail.com;0666151730
Green Home;greenhome.idf@gmail.com;0698658219
IVS ENERGIES;ivs.energies@gmail.com;0652618012
ECO;eco@ecobtp-renov.fr;0789254326
ASSA FROID ET CLIMATISATION;m.assad@afc-energie.com;0695839018
OPACTI;opacti2000@gmail.com;0679929809
ECO FRANCE;direction.ecofrance@gmail.com;0749992068
NICOLAS CLIMATISATION;contact@nicolasclim.fr;0185392010
PRO-CLIMAT;contact.proclimat@gmail.com;0632123213
MAINTENANCE EN GENIE CLIMATIQUE;mg.clim@wanadoo.fr;0134180339
LS SANITAIRE ET THERMIQUE;lsst@outlook.fr;0685261168
THERMOSOLUTIONS DS;thermosolutionsds@gmail.com;0634782147
LE GENIE CLIMATIQUE;tanguy.dupont@rungismontage.fr;0145929910
NEOPLOMBIER;contact@neoplomberie.fr;0782200130
IZIOVAL;contact.izioval@gmail.com;0679311283
SPHERE ECO SOL'AIR;contact@sphereecosolair.fr;0661346840
FM PLOMB;filipe.plombier@gmail.com;0758255192
EASY ENERGIE;contact@easyenergies.fr;0187460056
LG DEPANNAGE;lgdepannage@wanadoo.fr;0608229856
GD ENERGIES;secretariat@gdenergies.fr;0145765702
GROUPE STINCA BAT;sergheistinca22@gmail.com;0141253210
ECOSTYL;contact@ecostyl.tv;0760562303
95 ECP;cjoveneau@iziconfort.fr;0134141366
SOLARIS;contact.solaris1@gmail.com;0973524413
GLOBAL THERMIE;contact@global-thermie.fr;0180864564
IMD ENERGIES;contact@imd-energies.fr;0180859884
GROUPE ECO ENERGIE;groupecoenerg@gmail.com;0629369227
EAU PLUS;mon-plombier@eau-plus.com;0164110897
CLIM EXPERT;climexpert@outlook.com;0618756910
FRIGO CLIMAT SYSTEME;contact@frigoclimat.fr;0143865328
SOCRAT;socrat10@orange.fr;0820866967
ECS;david@ecs-id.com;0143049618
2H HABITATION;houssinehamouda@yahoo.fr;0611441117
O3;o3technique@gmail.com;0745077293
CLIM THERMIK;sh@climthermik.com;0130727140
COC;smartechfr@gmail.com;0668080777
ASP SERVICES;aspservices.94@gmail.com;0668001011
ETS LINOIR MARCEL;linoir.marcel@gmail.com;0663648798
MAILFERT;contact@sarl-mailfert.fr;0143037349
LES COMPAGNONS PLOMBIER CHAUFFAGISTE;contact@lcpc-sas.fr;0608989453
GLOBAL ENERGIES;contact@globalenergies.me;0972161148
YAC ENERGY;yacenergy@gmail.com;0669540303
MESTRAVOX;mestravox.secretariat@gmail.com;0651014331
E3D;societe.e3d@gmail.com;0680736201
C2V-ECOBAT;c2vecobat@gmail.com;0664562901
ECO PAC CONCEPT;ecopacconcepte@gmail.com;0146456963
GLOBAL SYSTEM ENERGIE;global.system.energie@gmail.com;0663408916
ECBM;a.hellal@ecbm.fr;0146829736
ENTREPRISE MAHLIER;contact@entreprise-mahlier.com;0636505034
SAS OBI SOLUTION;obisolution12@gmail.com;0659799285
E.Z.O;contact@ezofrance.fr;0783739888
ISO-CLIM;peter.wazoua@gmail.com;0605905130
E.M.E;julien.laforge@eme-service.com;0164054547
CFNZ;cfnzclim@gmail.com;0762020717
ARTISAN ICP;artisanicp2017@gmail.com;0661149181
JEANNE ROSE Jeremy;jeannerosejeremy@gmail.com;0677741706
CLIMAT FROID;clim@climatfroid.com;0983465699
MJF CHAUFFAGE;mjf-carlos@hotmail.fr;0134603082
SAS TE;contact@turbo-energy.fr;0130101280
ETP;etp@etpelec.com;0169529630
ECO RENOV DURABLE;ecorenovdurable@gmail.com;0612303548
QUALITHERMY;contact@qualithermy.fr;0160056195
ISO ECO FRANCE;contact@isoeco-france.com;0182372266
ECOLOGIE GREEN;contact@ecologie-green.fr;0616645186
Ener services;ener.servi@gmail.com;0677126420
FRANCE GLOBAL HABITAT;ha.franceglobalhabitat@gmail.com;0681810555
MARRE PERE ET FILS;cjoveneau@iziconfort.fr;0145181875
FCS;contact@fcs78.fr;0139583767
SAS DUCHENE;sasduchene@orange.fr;0143857082
95 ECP CHAMPLAN;cjoveneau@iziconfort.fr;0160148584
PROFLUIDE;gc.profluide@orange.fr;0169355940
GAUTHIER PLOMBERIE;kevin_gpc@live.fr;0645459888
PROXI HABITAT;contact@proxihabitat.com;0760935526
Boulard Cyril;contact@boulard-chauffage.com;0139603693
SOPENH ENR;contact@sopenh.fr;0769721314
ENERGIE AND CO;contact@energieandco.com;0660086525
MBP;compta.sarlmbp@gmail.com;0160470095
ECO ISO BAT;ecoisobat@gmail.com;0615154981
CAPSOLEIL;relations.clients@capsoleilenergie.fr;0141845663
SARL PROGAZ;contact@progaz.ovh;0139351379
AB ENERGIE;ab.energie23@gmail.com;0763421231
CJF CLIMATISATION;cjfclimatisation@gmail.com;0661994161
HERBLAY SANITAIRE;sandy@herblaysanitaire.com;0139975752
EDP CHAUFFAGE;brunobaranger91@gmail.com;0762171378
ECO RENOV;ecorenov.pro@gmail.com;0637220464
DIM99THERMIQUE;dim99thermique@gmail.com;0614719545
2D KLIM;yann.lelouedec@2dklim.com;0612547840
ASH ENERGIE;contact@ashenergie.com;0603633725
SARL ETS PUZIO JC;etspuzio@orange.fr;0160084545
AG SERVICES +;agservices75@gmail.com;0603576766
FLUIDE GAZ;fluidegaz@gmail.com;0623073350
C'RENOV08;crenov08@yahoo.fr;0611413371
PRO CLIMATIQUE;direction.pro.climatique@gmail.com;0751062342
E.N.R.G.I.E;contact@enr-gie.fr;0973796464
SARL SUPAC;ste.supac@wanadoo.fr;0164729115
ECOCONFORT;ecoconfortidf@outlook.fr;0667303790
CLIMERSON;s.cauchois@climerson.com;0148651515
LC CLIM;info@lcclim.fr;0160055599
ETS PAUVERT;contact.abre@gmail.com;0952398816
RA ECO BAT;raecobat@gmail.com;0605681543
OTCC- OMNIUM TECHNIQUE CLIMATISATION CHAUFFAGE;otcc.contact@wanadoo.fr;0158030323
CV2CLIM;contact@cv2clim.fr;0672813894
CALDYA;rh@caldya.com;0179517200
SOLARO BAT;solarobat@hotmail.com;0665264604
CHANTIERS MICHEL;chantiers.michel@wanadoo.fr;0134626011
ACES;olandes@orange.fr;0164731590
SCE ESPARGILIERE;ingrid@espargiliere.fr;0169037177
COMPAGNIE GENERALE DES ENERGIES;contact@cgenergies.fr;0660484434
GAZ FLUIDES ENERGIES;gazfluides@gmail.com;0981367383
THERMICLIM;thermiclim@wanadoo.fr;0169428585
ECLIPSE;contactadsi-eclipse@orange.fr;0766384153
MBC ENERGIE;administration@mbcfrance.fr;0183904262
LE TEMPS D'UNE POSE;aharonizard@gmail.com;0781650770
GIRARD & VERTALDI;girardetvertaldi@gmail.com;0169491789
EXPERT ENERGIE ET HABITAT;contact@expert-energie-habitat.fr;0185121519
SAS DM ENERGIE SOLUTIONS;dmenergiesolutions@gmail.com;0663840228
ILS ECO;ithermic69@gmail.com;0628334955
65 FC;contact@65fc.fr;0972293592
AMS;contact@ams-energie.fr;0139913184
CLIMADOM;climadom@sfr.fr;0610160799
ALER;aler@live.fr;0663161523
FLUIDES CLIMAT SERVICES;contact@fluidesclimat.com;0148851246
ASSIREM PLOMBERIE CHAUFFAGE;assirempc@yahoo.fr;0648304338
ODECLIM;odeclim@gmail.com;0612412781
OMEGA CLIM;comptabilite@omegaclim.fr;0185121100
PCM;casinieric@free.fr;0659543734
ER CLIM SERVICES;sdupre@erclim.com;0169389623
UNION DES PLOMBIERS CHAUFFAGISTES;contact@upc-idf.fr;0172886574
CLIMATECH SOLUTION;contact.climatechsolution@gmail.com;0612424026
QUALI'ENERGY;contact.qualienergy@gmail.com;0695526116
ECONOMIE HABITAT;economie.habitat.france@gmail.com;0180909876
LAUREAU;thierry.laureau@wanadoo.fr;0607551135
AJC RENOVATION;ajc-renovation@wanadoo.fr;0169240949
SASU LP;lebris.poussin@gmail.com;0169099010
A2 DEPANNAGES;a2depannages@hotmail.fr;0613057824
MISSION ENERGIE;Lpthomas@mission-energie.fr;0183840060
PELAIA NICOLAS;nicolaspelaia@hotmail.fr;0645827363
ISC RENOVATION SAS;gestion@iscrenovation.fr;0676753791
FOG'EAU;fog-eau.77@outlook.fr;0687869781
MY HOME ENERGY;s.marques@myhome-energy.fr;0781270928
OMECO;omecoenergie@gmail.com;0169028395
MAC BATICLIM;infomacbaticlim@gmail.com;0625215033
ENERGIE NOVA;energie.nova@sfr.fr;0607724706
V TIMBAL;v.timbal91@gmail.com;0169079130
AQUACHALEUR;aquachaleur@yahoo.fr;0760672430
IDEAL PAC;idealpac91@gmail.com;0632737274
FOUCHER ET FILS;foucher-fils@wanadoo.fr;0130450539
C 2 O HOLDING;seipacenergie@orange.fr;0164467199
ACS TECHNOLOGIES;office.acs.technologies@gmail.com;0169312603
SAS ENERGIE;cindy@sasenergie.fr;0160341264
THERMOCLINE;info@thermocline.fr;0677790150
LES GRENIERS DE LA VALLEE;jluis@lesgreniersdelavallee.fr;0160146143
SIER PLOMBERIE;sierplomberie@gmail.com;0630214521
SARL ABITA;abita77185@gmail.com;0160063984
CONFORT-SERVICE;c.gautron@confort-service.fr;0160468793
PROTHERM;prothermparet@gmail.com;0164273262
DETAIL TECHNIQUE;detailtechnique.bo@gmail.com;0672105311
L'ATELIER D'ALEX;alexvenaut@gmail.com;0684304298
ENTREPRISE LEROY;entreprise.leroy@outlook.fr;0160460749
BAT CONSTRUC MAINTENANCE BEZOT FILS;contact@bcm-bezot.com;0160467050
LA CHAMPENOISE S.A.R.L.;lachampenoise.contact@gmail.com;0169482269
ONNYS;contact@onnys.fr;0145692384
VICTORIA ENERGIES;v.bagot@victoria-energie.com;0679441959
AGS ASSOCIES;agsassocies@gmail.com;0615562020
NICU INSTALL;ipozhoha70@gmail.com;0667722561
A&M BATIMENT;aetmbatiment@gmail.com;0660326443
PACLIMSERVICES;contact@paclimservices.com;0603704220
SACHA;franceavenirenergie@gmail.com;0769771771
LES INSTALLATEURS.FR;contact@lesinstallateurs.fr;0184240172
FRANCE ENERGY;france.energy@hotmail.fr;0182350595
GAZ SERVICE RAPIDE;carole.alcaraz@iserba.fr;0472980262
ALLIANCE CLIM ET TECHNIQUES;vincent.broquet@alliance-clim-techniques.com;0659997702
ERICAS;thierry.ferreira@ericas.fr;0134011010
S.K.A.M ENERGIES;contact@gestaclima.com;0630485016
BATINFO;soc.batinfo@gmail.com;0179934697
SOLUTION ENERGIE DE FRANCE;contact@solutionenergiedefrance.fr;0181860263
GA THERM;contact.gatherm@gmail.com;0604093335
SARL LAURENT MARECHAL;contact@laurent-marechal.fr;0145699904
ECO BOOST;ecoboost.enr@orange.fr;0642092702
RCCP MAINTENANCE;toufikupb@gmail.com;0648128646
SOCIETE RONCHETTI ET FILS;ronchetti@orange.fr;0139650357
PROGNON SAS;comptabilite@prognon-sas.fr;0134219650
ALPHA THERM;contact@alphatherm.fr;0139655555
IZI CLIMA;contact.iziclima@gmail.com;0170588997
CCCP;contact@cccp-plomberie.com;0130743376
S.I.G.E.T;siget@siget.fr;0169071980
POLYCHAUFFAGE;polychauffage@wanadoo.fr;0169041945
INSTALLATION SANITAIRE THERMIQUE ET FROID;contact@istf.fr;0173037320
SAS NAPOL;sarlnapol@wanadoo.fr;0164274700
AEROCLIM;compta@aeroclim.fr;0160182040
CHRISTOPHE FERMETURES;christophe@christophe-fermetures.fr;0160051884
LC THERMIC;k.sidibe@lc-thermic.com;0182411239
CHATEAUFORT-CONFORT;auchecorne@hotmail.com;0687051631
SANI THERMIC;contact@sanithermic77.fr;0164408043
PRO ROSS EAU;contact@prorosseau.com;0160162923
GIPELEC;maxichauff@wanadoo.fr;0130653348
PASCAL PLOMBERIE CHAUFFAGE;pascalclerjeault@free.fr;0169460895
ELECTROCLIM;o.laborderie@electroclim.fr;0680558893
ENTREPRISE BROCHARD;ste.brochard@orange.fr;0139192226
OJAY FROID SERVICES;ojayfroid@gmail.com;0780227444
ECOBATI IDF;contact@ecobati-idf.com;0134464559
KFM;benjamin.prechais@kfm.fr;0139221464
CLIMAGE;donatienbarbanchon@climage.com;0141951415
ENGIE GREEN SOLUTIONS;direction.engiegreensolutions@gmail.com;0762246062
PHITECH;info@phitech-energies.com;0658220954
LENEVEU PHILIPPE;entreprise.leneveu@hotmail.fr;0607260290
DEPAN CHAUFFAGE SERVICE;carole.alcaraz@iserba.fr;0169889889
LEGRAIN;legrain@hotmail.fr;0160054022
INSISTA;murielbax@insista.fr;0164482078
Progress Energy;y.mehdaoui@outlook.fr;0624232747
CTBG HOME RENOV SARL;cedric.barbier@ctbg.fr;0169065591
BIEN CHEZ VOUS;contact@bienchezvous-france.fr;0970661817
ST PAC;st-pac@outlook.com;0761346161
SAS;contact@vyfroid.fr;0603602528
DDI;contact.ddifr@gmail.com;0753585980
SOLAR ENR;solarenr94@gmail.com;0665258070
GCE PLOMBERIE;contact@gce-plomberie.fr;0185120509
SMB CONFORT;smb.confort@gmail.com;0619701651
GARANKA ILE DE FRANCE;christophe.de-giovanni@garanka.fr;0143249787
FEP;franceecoplus@gmail.com;0975758817
D.R.G.;gestion@ets-piretti.com;0169012121
SODER CHAUF;soderchauf@wanadoo.fr;0134681407
V I PRO ECOLOGIE;vipro.ecologie@gmail.com;0616488641
Kevinpac Energy;kevinpac.energy@gmail.com;0658250893
EMEC;sarlemec@gmail.com;0164443261
THIERCELIN REALISATION;thiercelin.realisation@gmail.com;0172504205
CVC GREEN CHAUFFAGE VENTILATION CLIMATISATION;daoudi.rafik@yahoo.fr;0980565655
HABIT AVENIR;contact@habitavenir.fr;0983490651
RS PLOMBERIE CHAUFFAGE;contact@rspc.fr;0130361862
LAURENT GAUTIER;lc.gautier@wanadoo.fr;0134600616
JMG;contact@jmg-renov.fr;0186330450
CRISTAL AIR;briceguillet@cristalair.fr;0182350170
LABEL ENERGIE;compta@labelenergie.fr;0181723959
LA CENTRALE DES ECONOMIES D'ENERGIES;contact@la-cee.com;0180815553
3C CLIMATISATION;contact@3cclimatisation.fr;0185780680
APCS;apcs77@orange.fr;0681737221
ETS PASDELOUP;contact@ets-pasdeloup.fr;0130572378
BATI VAMOS;bativamos@gmail.com;0954680801
GAZ SERVICE TECHNIQUE;gazservicetechnique@wanadoo.fr;0130364050
SERVICES ECA;services.eca95@gmail.com;0134667612
AD CLIM;adclim@wanadoo.fr;0160297477
AMG THERMIC;amg-thermic@orange.fr;0139748931
PRO ENERGY;contact@proenergy.tech;0744172674
CHAUFFAGE SERVICE MAINTENANCE MONTLHERY;csmm@wanadoo.fr;0169010720
S.E.R.;s-e-r@wanadoo.fr;0160283826
HM PAC;elodie@hmgroup.fr;0154801336
VALEURDHOME ENERGIES;contact@valeurdhomeenergies.fr;0186222233
AIROGAZ;contact@airogaz.fr;0187900350
ARTISAN CHAUFFAGE PLOMBERIE ENERGIE PLUS;a.ziyani@acpe-plus.fr;0181851070
R&A CHARLES;victoriabagot@orange.fr;0160155025
SANTOS PLOMBERIE CHAUFFAGE;santos.plomberie-chauffage@orange.fr;0169257754
LSCP;lscp@lscp.fr;0169510717
LEABAT;leabat.ivkovic@gmail.com;0616750432
MS ENERGIES;curadomiguel@msenergies.net;0615383888
LTENERGY;contact@ltenergy.fr;0139090470
LA TELEPHONIE ET L'ELECTRONIQUE;telecsa@telec-sa.fr;0170094242
SAS DAMERON;dameron.sarl@orange.fr;0169252355
PRODIA ENERGIES;secretariat@prodia-energies.fr;0184180927
R'ECO;recofp@yahoo.fr;0619471031
SEE LAVABRE ALAIN;seelavabrealain@wanadoo.fr;0130561050
ALM PLOMBERIE;almplomberie12@gmail.com;0139745779
SACEP;sacep@wanadoo.fr;0139279620
JF EAU ENERGY;eau-energy@bbox.fr;0660696946
PLOMBERIE CHAUFFAGE DE LA VALLEE;omar.pcdv@gmail.com;0631592036
ECO CLIM SYSTEMES;contact@ecoclimsystemes.fr;0632169622
HC ENERGY;hcenergy78@gmail.com;0650697874
CLIM.AT;clim.at@outlook.fr;0602032796
JN PLOMBERIE CHAUFFAGE;jnplomberiechauffage@gmail.com;0683948754
GREEN CLIMAT;greenclimat1@gmail.com;0766951245
CONFORTI'S;letherouin@confortis.net;0160015047
GOULET-KLIMAT;jeromegoulet@free.fr;0953481053
ETCEC GENIE CLIMATIQUE;etcec-genie-climatique@orange.fr;0966960006
CLIMAX;contact@climax77.fr;0670173331
AIR CONFORT SERVICES;airconfortservices@orange.fr;0169030216
SAS FD CHAUFFAGE;contact@fd-chauffage.com;0629359292
CLIMELEC PRO;contact@climelec78.com;0130692229
A.R.I. AGENCEM RENOV D INTERIEUR;contact@ari-batiment.fr;0614993261
CLIM AIR FLUIDE SN;livio.rochemont@climairfluide.fr;0685478001
CP2C;cp2c@orange.fr;0660456310
PRO SERVICES CONSEILS;psc.etude@gmail.com;0601887035
AUAIR CONFORT;kamal.enaissi@gmail.com;0699432815
ICPE;icpeleroux@gmail.com;0687800949
AIR.T.CLIM;airtclim@yahoo.fr;0688383921
TECHNIVOLUTION;technivolution@technivolution.com;0160028952
ROBERT CLIMATISATION;fredericblondeau@r-clim.fr;0622973867
AYA ENERGIES;contact@ayaenergies.com;0651079730
MC GESTION ENERGIE;mc.gestioneng@gmail.com;0769596593
TWIN'S ENERGIE;contact@twins-energie.fr;0788747330
ELDAC;contact@eldac.fr;0139757550
CEG;cyril.cegenergie@gmail.com;0646770678
Hydr'eau TC;thomas.coelho@hydreautc.com;0682595353
SUN RENOV;contact@sunrenov.fr;0169212170
EURO GAZ;euro.gaz@free.fr;0160623700
AVENIR ENERGIE;avenirenergie@sfr.fr;0139748058
SERVICE ACTION;sboyer@serviceaction.fr;0618636615
GENIE CLIMATIQUE TECHNIQUE;d.tcaci@gctec.fr;0951860948
FRIOSERV;frioserv2@gmail.com;0516070417
ARTIC CLIM;adv@artic-clim.fr;0984437070
ENGIE HOME SERVICES;veronique.silly@engie.com;0238728520
Therklima;klimaelec@gmail.com;0699699428
ALTI CLIM;bastienlepeltier@alticlim.fr;0160105217
EPCC;epcc.rodrigues@gmail.com;0175664748
CHARBONNIERS REUNIS;charbonniers.reunis@orange.fr;0130380500
ERALEC;contact@eralec.fr;0130323418
LES ARTISANS BATISSEURS;pschwab@aborgeval.fr;0139758531
XPERTECH;makrembenmrad@gmail.com;0618831063
MMT CHAUFFAGE;comptabilite@mmtchauffage.fr;0134469335
MG EAU;contact@mgeau.com;0650278770
LGD BATIMENT;lgdbatiment@gmail.com;0981457476
GECKO ENERGIE;geckoenergiefrance@gmail.com;0988194121
AQUA-THERMIE;contact@aqua-thermie.fr;0169069290
FACILACHAUFFER;contact@fac-genie-climatique.com;0972336655
AV CLIMAT;avclimat2021@gmail.com;0785145403
SPAC ENERGY;spac.energy@outlook.fr;0770336778
RICHARD SAS;richardetfilssarl@orange.fr;0160847204
LC VOISIN;cvo@lcvoisin.fr;0375190330
VAN HECKE CHRISTOPHE;vanheckec@free.fr;0164023238
AA ENERGIE & RENOVATION;aaenergieetrenovation@gmail.com;0651300418
COLDMANN CLIM;r.grenier@coldmann-clim.com;0745366550
FERN ENERGIES RENOUVELABLES;contact@fern-enr.fr;0184208778
AIVIA ENERGY;vincent.a@aivia-energy.fr;0185538270
S.Y.G ENERGY;contact@sygenergy.fr;0621539813
SAS LEROY;sasleroy@orange.fr;0164302411
GEDO PLOMBERIE CHAUFFAGE COUVERTURE ETANCHEITE TCE;sarl.gedo@sfr.fr;0134758794
GREEN ENERGY;info@greenenergy-climatisation.fr;0134091376
LOGITHERM;adv@logitherm.eu;0169918080
LOGICLIM;logiclim@logiclim.com;0169918080
CLIM CHAUFF ECO;climchauffeco@gmail.com;0699362025
G.C TECHNIQUE;glodeanuseverin1@gmail.com;0755476870
Max daniel habitat france;maxdanielhabitat@gmail.com;0651974258
LCO;alexandre.laporte@lc-oz.fr;0640217208
PLOMBERI CHAUFFAGE VENTILATION ENTRETIEN;pcve@pcve.fr;0160794992
AEROFROID FRANCE;aerofroidfrance@gmail.com;0130327576
BRETON VEDRENNE ASSOCIES;sav@bretonvedrenne.com;0139703360
ETS BOIS;ets.bois@wanadoo.fr;0164056762
AEROCLIMAT;contact@aeroclimat.com;0134723177
SARL LE FOLL;p.lefoll@wanadoo.fr;0139756182
DEFI ENTREPRISE;defi.entreprise@wanadoo.fr;0130519622
ECO SYSTEME DURABLE;contact@esd-rge.fr;0612303548
R-Elec Solutions;anthony@r-elec.net;0681987464
BRUGNON;brugnon.sa@wanadoo.fr;0134689292
ACTION DEPANNAGE;actiondepannage@wanadoo.fr;0134727924
ALHYSEES;cbizeul@alhysees.fr;0139986285
MESNIL SAS;mesnil.sas@gmail.com;0983763232
M.B.CHAUFFAGE;compta3@mbplomberie.fr;0665957516
M.B.PLOMBERIE;compta3@mbplomberie.fr;0635411955
ECO SOLUTION 78;romain@eco-solutions-78.fr;0952083333
TRAVAUX BATIMENTS ECOLOGIQUES;julien.c@tbenergie.com;0130370027
M T E;mt.energies@live.fr;0134893801
THERM ET EAU;contact@therm-eau.fr;0134354278
ENTREPRISE AMBLARD;gerant@entrepriseamblard.fr;0646028446
ADVENERIS;pakminn@adveneris.com;0164856831
SARL ERIC ALBORNO;eric.alborno@orange.fr;0642408509
CLIMATEIX;contact@climateix.com;0185510478
CPM GAZ;cpmgaz@wanadoo.fr;0160022704
ECS Energie;contact@ecs-energie.fr;0185521992
THERMIE CONCEPT;mathieu.foucher@thermieconcept.fr;0987363688
l'ARTISAN CLIMATIQUE;kevin.nazzari@artisan-climatique.fr;0664948640
ECO2 BATI;dieu.eco@gmail.com;0617325460
GARANKA ILE DE FRANCE SAS;christophe.de-giovanni@garanka.fr;0143249787
HERVY;hervy.sarl@wanadoo.fr;0164963022
ADVANCE INGENIERIE SERVICES;projets@advance-ingenierie.fr;0169244051
LAFIA;diaklafia@gmail.com;0951089228
SOCIETE TRAVAUX PLOMBERIE & ENERGIES;stpe.travaux@outlook.fr;0634452803
RB CLIM;contact@rbclim.fr;0130304260
GJ PLOMBIER CHAUFFAGISTE;jgregoire172@gmail.com;0638745718
CLIMAT SYSTEMS;e.makloufi@climat-systems.fr;0164303537
APCF;luc.poissonnier95@sfr.fr;0622426991
CCP SOLUTION;ccpsolution95@gmail.com;0645821811
ENGIE HOME SERVICES;veronique.silly@engie.com;0164974830
ENGIE HOME SERVICES;veronique.silly@engie.com;0130170515
VAL CHAUFFAGE;valchauffage@gmail.com;0612223350
DOMOCIEL;contact@domociel.fr;0164910215
JOSEPH MARTIN ENERGIE;l.marano@jm-btp.fr;0160755286
SAS BONVICINI;sasbonvicini@orange.fr;0323655252
CONFORT CHAUFFAGE SERVICE;alexandre.rola@orange.fr;0680918015
CLIMATGAZ;simon@climatgaz.fr;0134616116
DUBREUIL-ROISSE CHAUFFAGE;sarl.dubreuil.roisse@orange.fr;0130280050
ALAIN COCHOIS;alain.cochois@plombier-chauffagiste91.fr;0160892776
AD PLUS CONFORT;adplus.idf@gmail.com;0173228291
GUYOMARCH Nicolas;guyomarch.nicolas@laposte.net;0698171414
OPLOMBIER;oplombiers@gmail.com;0629900400
CHAUFFAGE TECHNIQUE SANITAIRE;societects91@gmail.com;0631905673
NOVAIS Energies Renouvelables;contact@novais-enr.com;0160819497
NOVO ENERGY;contact@novoenergy.fr;0183439422
SOL'AIR Services;bouly@chauffservices.fr;0650970387
D.E.S ENERGIES;desenergies@orange.fr;0164970677
JS PLOMBERIE CHAUFFAGE;jerome.santerre@orange.fr;0965359764
ISOL ECO PRO;contact@isolecopro.com;0160285026
EURL BAYE LUDWIG;eurlbaye@gmail.com;0164059243
CLIMOTHERM;climo.therm77@gmail.com;0649640675
Sud Froid DMS;sud.froid.dms@wanadoo.fr;0164904371
ITAL-ISOL;italisoll@gmail.com;0753604856
DOMO CLIM;md.domoclim@gmail.com;0687149937
CVC PRO;contact@cvc.pro.com;0179816147
JPCC;jdidi.abdelkerim@outlook.fr;0623031466
LEMAITRE PLOMBIER CHAUFFAGISTE;lemaitre.lpc@gmail.com;0631121017
LN ENERGIE;lnenergie@hotmail.com;0695593100
ROUBEYRIE SAS;roubeyriesas@orange.fr;0625408275
SOMATH SOCIETE DE MAINTENANCE ET D'APPLICATIONS THERMIQUES;katell@somath.fr;0130502900
N ERGIA;n-ergia@orange.fr;0130280197
AMS TECHNOLOGIE;ams-technologie@orange.fr;0134899391
SUNLIGHT ENERGY;sauron.financement@gmail.com;0761048574
2P2M CHAUFFAGE CLIMATISATION;2p2m@free.fr;0134897017
SAV SOLUTIONS;jl.lage@savsolutionspro.com;0987328475
GC.CLIMAT;gc.climat@gmail.com;0985490952
CPG;geoffrey.gonzalez@outlook.fr;0623453010
LOUVEL CHAUFFAGE;louvel.chauffage@orange.fr;0130220303
AIR CLIMATISATION SERVICES;acservices.idf@gmail.com;0632191269
DAVENIR CLIM;travaux@davenirgroupe.fr;0181840740
SOCIETE BRIAND & PHILIPPE;contact@ent-philippe.com;0675137333
CLIMATHERM;habibi.iheb@climatherm77.fr;0674430192
DOUMER PLOMBERIE;plomberie@doumer.fr;0134660171
ENERGIES DE LA BRIE;contact@energiesdelabrie.com;0160432056
AMI CHAUFF ECO;david.ahmed@orange.fr;0344576195
SOCIETE ABYS;secretariat@abys-entreprise.com;0134892552
VELAY BAT;contact@velay-bat.com;0698981671
TOFFIN ENTREPRISE;contact@toffinchauffages.com;0139092088
FORAGES ET RECHERCHE D'EAU MEYER - ILE DE FRANCE FORAGES;forem@forem.fr;0139378171
FERTONANI THERMIE;fertonani@wanadoo.fr;0134707019
ATHYS;athys.pc@gmail.com;0651142917
CLIM2E;contact@clim2e.fr;0975571880
LOUNEO;contact@louneo-chauffage.fr;0658433317
REPARACLIM;admin@reparaclim.com;0645055279
SAIDOU ISSA ABBIE SASU;sia91540@yahoo.com;0781770676
BACHELET;sarlbachelet@yahoo.fr;0344219420
EVOLUTION CHAUFFAGE;contact@evolution-chauffage.fr;0984407970
ENTREPRISE PIRES;entreprise.pires@orange.fr;0169148703
TPC;tpc.teixeiramarcio@hotmail.com;0680165651
MT CLIM;contact@mt-clim.fr;0622958045
CHAUFFAGE CHARLES;contact@chauffagecharles.fr;0130955982
ENGIE HOME SERVICES;veronique.silly@engie.com;0160074434
DAGMA CHAUFFAGE;dagmachauffage@hotmail.fr;0175746500
BIOGAZ CONFORT;jd@biogazconfort.fr;0164427070
DNE Plomberie Chauffage;dneplomberie@orange.fr;0160047613
MURALEC SERVICES;kabouss@muralec.fr;0677221503
ROSSONERI ECOLOGIE;rossoneri.eco@outlook.com;0673430997
DGP GROUPE;dgp.groupe@gmail.com;0603697602
TABOR;contact@tabor.fr;0344690007
BENOIT BARRE;barre-benoit@orange.fr;0164255859
RENOVETHIQUE;renovethique@mail.fr;0950038016
CPC;contact.sascpc@gmail.com;0637306055
ELECTRORIB.ENR;electroribe@gmail.com;0130220063
ETS GILLES MOLEA;ets@molea.fr;0134663012
AZUR. CLIMA. THERM;azur.clima.therm@gmail.com;0650784305
CLPC;clpc95@free.fr;0139842026
ARIA BTP;ariabtp@outlook.fr;0160222209
ECOLOGEMENT;secretariat.ecologement@gmail.com;0178803434
PLOMBERIE PEREZ JULIEN;jp.pomberie@yahoo.fr;0662414231
CLIMENERGY;contact@climenergyfrance.com;0618840134
GEA;t.bataille@gea78.com;0134947374
SORECLIM;soreclim@orange.fr;0134666238
AIR TIME;airtimecvc@gmail.com;0615119035
PART'ENR;part.enr.ml@gmail.com;0699708806
JCDC;jcdc.sarl@gmail.com;0672776069
ALEXANDRE ANDRE JOEL;alexandre.aj@orange.fr;0130908675
PLOMBY SERVICES NICOLAS FLAVIGNY;contact@plombyservices.fr;0624789436
LES ARTISANS ENGAGES;mehdi.guenini@gmail.com;0683152151
BJ SERVICES;bj.services@orange.fr;0130413709
EDI PLOMBERIE CHAUFFAGE;ediplomberiechauffage@gmail.com;0160616441
SOLID'R ENERGY;detrezyohann@gmail.com;0634200355
CEC SERVICES;brenier.gregory@gmail.com;0178805377
CLIM TOUT;contact@climtout.fr;0360825300
EURL ISATHERM;isatherm.goncalves@hotmail.com;0134756720
CHRISTIAN LANGLOIS ET FILS;langloisetfils@orange.fr;0130885858
SARL GUILLAUME;s.guillaume@guillaumesarl.fr;0344570295
GAUTHERM;gautherm@orange.fr;0679148319
AC2L;ac2l-thermique@orange.fr;0130885414
CPC78;cpc78.karine.ruelland@gmail.com;0134943448
BRUGNON CLIMATISATION-POMPE A CHALEUR;brugnon.climatisation@orange.fr;0360026089
CLIMADECLIC;sandrine.moreaux@climadeclic.fr;0139226354
KACTUS ENERGIE;sylvain@travaux-energie.fr;0698182597
OXCELIO;contact@oxcelio.fr;0972135970
CYPEC;cyrille.gain@cypec.fr;0636097165
NOELZIL ENTREPRISE;noelzilkevin@gmail.com;0624248542
EN'AIR HABITAT;enairhabitat@gmail.com;0647817061
CALOREO;caloreo@gmail.com;0981466743
SAVECO;saveco.chauffage@gmail.com;0160638441
STEEC;steec@orange.fr;0134840130
AFCC;afcc91@teamafcc.fr;0169921595
HOURIOU PHILIPPE;pcrlardy@gmail.com;0160827024
ENTREPRISE JORDAN MAUPAS;maupasjordan08@gmail.com;0635268385
RMCP;societe.rmcp@gmail.com;0767471657
AU DEGRE PRES;contact@audegrepres.com;0789080745
G.FROID;goury.froid@gmail.com;0612615167
EURL ND PLOMBERIE;ndplomberie@gmail.com;0160804033
AVENIR OUVERTURE;servicetechnique@avenirecorenov.com;0761142261
TERRE;terredhouard7@icloud.com;0630772908
BT2C-BOUVRY TECHNIQUE CHAUFFAGE CLIMATISATION;contact@bt2c.fr;0344602256
DOMA PULSE SERVICES;domapulse@gmail.com;0680214586
AIR POLAIRE;contact@airpolaire.fr;0770885765
EURL ECOSYSTEM IDF;ecosystem.idf@gmail.com;0184730240
IZI CONFORT INSTALLATION ET MAINTENANCE;cjoveneau@iziconfort.fr;0145181875
ROULEAU ENTREPRISE;entreprise.rouleau@gmail.com;0134874070
K-N PLOMBERIE;kn.plomberie78@gmail.com;0601467932
BELZIC SAS;belzic@wanadoo.fr;0160684256
ASIC;contact@nature-technologie.net;0164516032
2PCJ;contact@2pcj.fr;0160656768
DAO CLIMATISATION;contact@dao-climatisation.fr;0679516790
OZONERGIES;contact@ozonergies.fr;0296315263
EDCP;eurl.edcp@gmail.com;0627168482
ADN CONFORT;contact@adn-confort.fr;0164999038
AQUA ENERGIE;contact.aquaenergie@gmail.com;0980538552
MANSION ENTREPRISE;etpmansion@aol.com;0344535638
SAS LE COZANNET;contact@saslecozannet.fr;0679547396
RAFFIN CLIM & THERMIE;raffin.clim-thermie@orange.fr;0134846250
AIR ECO CONFORT;airecoconfort.idf@gmail.com;0643215786
MAX'AIR ENERGIE;maxair.energie@gmail.com;0659523419
ABPF;contact@etsbriand.fr;0160013752
JCBURATTI;contact@jcbelectrique.com;0659372918
SYSPAC;syspac95@gmail.com;0664269548
3C ENERGIE;3cenergie@gmail.com;0670879634
RENAISSANCE;renaissance60330@gmail.com;0678954321
AIR J&CO;contact@airjandco.com;0699577620
Climécopac;climecopac@gmail.com;0680595751
CLIMAIRCHAUFF;climairchauff@gmail.com;0767948717
MDI CHAUF-FAGE;mdi.chauf-fage@orange.fr;0164930042
SANI'CHAUFF;sanichauff.ct78@gmail.com;0642668772
ECOTERMIC;ecotermic@ecotermic.fr;0950185115
SPECS ENERGETIC;adrien.mergui@specs-energetic.fr;0695934518
LABAUNE SAV;labaune.sav77@gmail.com;0164107505
NH CONSEIL;nhconseil.cm@gmail.com;0761915152
STDC;thierry.stdc@gmail.com;0614658984
TED;paulo.sarabando@maclem.fr;0752068619
RUFFIER CHAUFFAGE;ruffier.chauffage@gmail.com;0603072451
DUFOUR;sarl-dufour@orange.fr;0164638389
SARL CLIMABITAT;contact@climabitat.net;0615658581
SARL CHAPPEY JEROME;jerome.chappey@orange.fr;0160804063
GALERNE;galernechristophe@orange.fr;0130423131
HR AGENCEMENT;hragencement@gmail.com;0651682129
MEE CLIM;mee.clim@gmail.com;0750264998
VBE;vincentbarbeau@me.com;0640597212
CHAUFFAGE MP;contact.chauffagemp@gmail.com;0950400418
SASU AD BATIPRO;entreprise.adbatipro@gmail.com;0660269516
SAS LIEGE;contact@sasliege.fr;0130412830
SARL DICS;dics@orange.fr;0611425210
CLIM IDF;climiledefrance@gmail.com;0669709499
ECO HABITATION;ecohabitation@hotmail.fr;0699360607
HELLO CLIM;contact.helloclim@gmail.com;0670078009
BOURGEOIS ET FILS;bourgeoisetfils@gmail.com;0130411303
AIRZEAU;froidclim@airzeau.fr;0164377949
NEOTHERM SOLUTIONS;neotherm-solutions@outlook.com;0658293917
SARL GREENS;sarlgreens@orange.fr;0970724099
SARL FRANCE PLOMBERIE CHAUFFAGE;franceplomberiechauffage@gmail.com;0643274649
PRIM'ENR;direction@primenr.fr;0609178578
RENOV'GAZ;renovgaz@gmail.com;0616996686
SARL INVERT;invert.contact@mail.fr;0767775548
NRG;enr77000@gmail.com;0629131180
MC HABITAT;contact@mc-habitat.com;0175183032
SARL LE FROID MELUNAIS;contact.fm@lefroidmelunais.fr;0164395788
MEZALI GAETAN;gaetanmezali@gmail.com;0623681509
LE NAGARD;j.lenagard@live.fr;0682317095
SOCIETE FORTUNAT;fortunat.stephane@wanadoo.fr;0134791912
ADGF 78;contact@adgf78.fr;0130886868
SOCIETE EXPLOITATION TRAMECON;contact@tramecon-chauffage-77.fr;0164390731
MORIN;morin.mesnil@gmail.com;0169922910
BIO CLIMAT;cedric.berly77@orange.fr;0164379170
VILLARET;damien.devillaret@gmail.com;0760783002
GUILLO I.D.E;ide@sarlguillo.fr;0164340692
BERNASCONE PLOMBERIE CHAUFFAGE;bernascone@outlook.fr;0660513820
BATICHAUFFE;vanessa.arnoux@batichauffe.fr;0344275652
EURL HOUEL;plomberiehoueldenis@gmail.com;0645511810
RENOV'EXPRESS;dechamps023@gmail.com;0628017613
SARL DELTA;sarldelta@outlook.fr;0662087931
JLC SERVICES;contact@jlc-services.com;0160660897
CIEPIELA ET BERTRANUC;contact@ciepiela-bertranuc.fr;0344280505
CHAUF'AVENIR;chaufavenir@gmail.com;0623403018
ENGIE HOME SERVICES;veronique.silly@engie.com;0344553694
DOMUS ENERGIE;remi@domus-enrgie.fr;0344663250
LK ENERGIE;lkenergie@hotmail.com;0767947353
UPTICOM MENTION ENERGIES;contact.mentionenergies@gmail.com;0985008785
MZGAZ;MZGAZ@outlook.com;0658786793
REN'EAUX;reneau.idf@gmail.com;0767060524
H-MI SERVICES;contact@h-miservices.com;0983798278
MRN RENOV;neculamarian@mrnrenov.com;0658335326
BERGERET REGIS;rsbergeret@sfr.fr;0344083196
ART RBLD;contact@rbld.fr;0374472516
ACTIVENERGY;contact@activenergy.fr;0344267229
BS DEPANNAGE;contact@bs-depannage.fr;0344083297
ECO GLOBAL ENERGY;ecoglobalenergy60@gmail.com;0603955940
AIRNOBAT;benjamin@airnobat.com;0184744242
SOLI;contact@soli-energie.com;0183435327
BH78;bh78pro@gmail.com;0650094627
MONSIEUR ARMAND TANCRAY;artinstal78@gmail.com;0612432662
JM2C;jm2c91@gmail.com;0640571996
SIMON DAVID;erpc.simon@laposte.net;0344057232
ATEL SOLUTIONS;lboculat@hotmail.com;0671036093
CPAP (SN CPAP);s.habonneau@cpap.fr;0134749467
THERMOSTAL;contact@thermostal.fr;0644839754
O TAISNE AED;contact@altern-energie.fr;0164259626
UNIVERS CLIMAT;alexandre.montel@univers-climat.fr;0160668090
ECALARD;benoitecalard@orange.fr;0134970797
ENRSOL;contact@enrsol.fr;0176783673
DM SERVICES;dmservices@sfr.fr;0360740888
SODEER 77;sodeer77@orange.fr;0160668829
SASU HOME CONSEIL;direction@homeconseil77.com;0185420021
CA CHAUFFE;contact@ca-chauffe.fr;0187070797
ALEXANDRE THIBAULT CHAUFFAGE PLOMBERIE;atcp60@gmail.com;0344717890
BARBAUD;contact@entreprise-barbaud.com;0684858191
MC - GAZ 77;mcgaz77@hotmail.fr;0164652313
MERON THOMAS;meron-thomas@hotmail.fr;0624838163
MONTANG'ENERGIES;p.montange@gmail.com;0134872712
AJC2P;ajc2p@orange.fr;0782474607
AJP POLITOWSKI;ajp.politowski@gmail.com;0344553370
WOLF ENERGY;contact.wolfenergy@gmail.com;0607947247
CLAUDIC ROTY;rotyclaudicsarl@orange.fr;0134833283
FRAINET L;eirlfrainet@orange.fr;0134774774
CJ JOAQUIM;cedricjosejoaquim@gmail.com;0695307737
AUTOMELEC;contact@automelec.fr;0631493110
WILLIAM HILL;artdeclim@laposte.net;0160012549
AJL CLIM;ajlclim@gmail.com;0658666416
TEMCI;sarl.temci@orange.fr;0164947536
HELIO ENERGIE;comptabilite@helioenergie.com;0130987577
POUSSET ET FAUCRET;pousset.faucret@free.fr;0130428275
